request_id,amount_safe_to_pay,affordability_status,recommended_payment_method,payment_plan,earliest_date_for_full_payment,spending_changes_needed,decision_explanation
request_26,15656000.0,affordable_now,full_payment,2025-08-03:15656000.00,2025-08-03,none,"Balance 100845250.00 IDR, min balance 24768300.00. Forecast headroom on 2025-08-03 is 76076950.00 against a request of 15656000.00. Decision: affordable_now / full_payment."
request_27,6670.0,affordable_now,full_payment,2026-07-05:6670.00,2026-07-05,none,"Balance 93141.80 ZAR, min balance 20500.00. Forecast headroom on 2026-07-05 is 72641.80 against a request of 6670.00. Decision: affordable_now / full_payment."
request_28,689.4,not_affordable,not_recommended,none,,none,"Balance 1789.40 EUR, min balance 1100.00. Forecast headroom on 2024-06-07 is 689.40 against a request of 1302.40. Decision: not_affordable / not_recommended."
request_29,51524.0,affordable_now,full_payment,2025-11-04:51524.00,2025-11-04,none,"Balance 113540.10 ZAR, min balance 28300.00. Forecast headroom on 2025-11-04 is 85240.10 against a request of 51524.00. Decision: affordable_now / full_payment."
request_30,775.2,affordable_now,full_payment,2026-04-06:775.20,2026-04-06,none,"Balance 3752.72 USD, min balance 900.00. Forecast headroom on 2026-04-06 is 2852.72 against a request of 775.20. Decision: affordable_now / full_payment."
request_31,13840360.0,affordable_with_plan,full_payment,2024-09-15:18164000.00,2024-09-15,none,"Balance 30429260.00 IDR, min balance 16588900.00. Forecast headroom on 2024-09-03 is 13840360.00 against a request of 18164000.00. Decision: affordable_with_plan / full_payment."
request_32,33305.8,not_affordable,not_recommended,none,,none,"Balance 69005.80 ZAR, min balance 35700.00. Forecast headroom on 2025-02-05 is 33305.80 against a request of 40018.00. Decision: not_affordable / not_recommended."
request_33,65180.0,not_affordable,not_recommended,none,,none,"Balance 167280.00 INR, min balance 102100.00. Forecast headroom on 2026-01-07 is 65180.00 against a request of 118000.00. Decision: not_affordable / not_recommended."
request_34,129400.0,affordable_now,full_payment,2024-12-04:129400.00,2024-12-04,none,"Balance 559752.50 INR, min balance 138500.00. Forecast headroom on 2024-12-04 is 421252.50 against a request of 129400.00. Decision: affordable_now / full_payment."
request_35,125130.0,not_affordable,not_recommended,none,,reduce_to:event_3231:0.00,"Balance 231530.00 INR, min balance 106400.00. Forecast headroom on 2025-10-30 is 125130.00 against a request of 212000.00. Decision: not_affordable / not_recommended. Required spending changes: reduce_to:event_3231:0.00."
request_36,1446.6,not_affordable,not_recommended,none,,none,"Balance 3846.60 USD, min balance 2400.00. Forecast headroom on 2026-07-03 is 1446.60 against a request of 3954.00. Decision: not_affordable / not_recommended."
request_37,12068800.0,not_affordable,not_recommended,none,,none,"Balance 29125000.00 IDR, min balance 17056200.00. Forecast headroom on 2024-03-05 is 12068800.00 against a request of 14649000.00. Decision: not_affordable / not_recommended."
request_38,379.4,not_affordable,not_recommended,none,,none,"Balance 779.40 EUR, min balance 400.00. Forecast headroom on 2025-08-07 is 379.40 against a request of 971.30. Decision: not_affordable / not_recommended."
request_39,203105.0,affordable_with_plan,full_payment,2026-04-15:208600.00,2026-04-15,none,"Balance 416505.00 INR, min balance 213400.00. Forecast headroom on 2026-04-04 is 203105.00 against a request of 208600.00. Decision: affordable_with_plan / full_payment."
request_40,851.0,not_affordable,not_recommended,none,,none,"Balance 2394.00 EUR, min balance 1500.00. Forecast headroom on 2024-06-06 is 851.00 against a request of 1290.30. Decision: not_affordable / not_recommended."
request_41,21888950.0,affordable_with_plan,full_payment,2025-11-15:38760000.00,2025-11-15,none,"Balance 50175850.00 IDR, min balance 25366600.00. Forecast headroom on 2025-11-03 is 21888950.00 against a request of 38760000.00. Decision: affordable_with_plan / full_payment."
request_42,52100.0,affordable_now,full_payment,2026-01-05:52100.00,2026-01-05,none,"Balance 261765.00 INR, min balance 113100.00. Forecast headroom on 2026-01-05 is 140565.00 against a request of 52100.00. Decision: affordable_now / full_payment."
request_43,13988750.0,not_affordable,not_recommended,none,,none,"Balance 36640750.00 IDR, min balance 21398000.00. Forecast headroom on 2024-09-07 is 13988750.00 against a request of 43339000.00. Decision: not_affordable / not_recommended."
request_44,74560.0,not_affordable,not_recommended,none,,none,"Balance 162290.00 INR, min balance 82900.00. Forecast headroom on 2025-02-04 is 74560.00 against a request of 95800.00. Decision: not_affordable / not_recommended."
request_45,8833100.0,not_affordable,not_recommended,none,,none,"Balance 19982900.00 IDR, min balance 11149800.00. Forecast headroom on 2026-07-06 is 8833100.00 against a request of 21983000.00. Decision: not_affordable / not_recommended."
request_46,49450.0,affordable_now,full_payment,2024-12-03:49450.00,2024-12-03,none,"Balance 202335.00 INR, min balance 84000.00. Forecast headroom on 2024-12-03 is 118335.00 against a request of 49450.00. Decision: affordable_now / full_payment."
request_47,38114000.0,affordable_now,full_payment,2025-05-05:38114000.00,2025-05-05,none,"Balance 112924150.00 IDR, min balance 30049000.00. Forecast headroom on 2025-05-05 is 82875150.00 against a request of 38114000.00. Decision: affordable_now / full_payment."
request_48,45700.0,affordable_now,full_payment,2026-07-25:45700.00,2026-07-25,none,"Balance 188065.00 INR, min balance 71300.00. Forecast headroom on 2026-07-25 is 116765.00 against a request of 45700.00. Decision: affordable_now / full_payment."
request_49,20228793.34,not_affordable,not_recommended,none,,none,"Balance 40504493.34 IDR, min balance 20275700.00. Forecast headroom on 2024-03-04 is 20228793.34 against a request of 34333000.00. Decision: not_affordable / not_recommended."
request_50,43900.0,affordable_now,full_payment,2025-08-06:43900.00,2025-08-06,none,"Balance 247325.50 INR, min balance 99700.00. Forecast headroom on 2025-08-06 is 147625.50 against a request of 43900.00. Decision: affordable_now / full_payment."
request_51,2191000.0,affordable_now,full_payment,2026-01-03:2191000.00,2026-01-03,none,"Balance 35347700.00 IDR, min balance 7811000.00. Forecast headroom on 2026-01-03 is 27536700.00 against a request of 2191000.00. Decision: affordable_now / full_payment."
request_52,28870.0,affordable_now,full_payment,2024-06-05:28870.00,2024-06-05,none,"Balance 75320.00 INR, min balance 41500.00. Forecast headroom on 2024-06-05 is 33820.00 against a request of 28870.00. Decision: affordable_now / full_payment."
request_53,1423.42,not_affordable,not_recommended,none,,none,"Balance 3523.42 USD, min balance 2100.00. Forecast headroom on 2025-11-07 is 1423.42 against a request of 1699.20. Decision: not_affordable / not_recommended."
request_54,16581.4,not_affordable,not_recommended,none,,none,"Balance 53581.40 ZAR, min balance 37000.00. Forecast headroom on 2026-07-04 is 16581.40 against a request of 121528.00. Decision: not_affordable / not_recommended."
request_55,176241.19,not_affordable,not_recommended,none,,none,"Balance 314341.19 INR, min balance 124300.00. Forecast headroom on 2026-06-08 is 176241.19 against a request of 218600.00. Decision: not_affordable / not_recommended."
request_56,881.56,affordable_now,full_payment,2025-02-03:881.56,2025-02-03,none,"Balance 3432.36 USD, min balance 2100.00. Forecast headroom on 2025-02-03 is 1332.36 against a request of 881.56. Decision: affordable_now / full_payment."
request_57,21214.6,not_affordable,not_recommended,none,,none,"Balance 63914.60 ZAR, min balance 42700.00. Forecast headroom on 2026-04-05 is 21214.60 against a request of 61446.00. Decision: not_affordable / not_recommended."
request_58,16226000.0,affordable_now,full_payment,2024-12-07:16226000.00,2024-12-07,none,"Balance 42146065.00 IDR, min balance 14433900.00. Forecast headroom on 2024-12-07 is 27712165.00 against a request of 16226000.00. Decision: affordable_now / full_payment."
request_59,140600.0,affordable_now,full_payment,2025-05-04:140600.00,2025-05-04,none,"Balance 723245.99 INR, min balance 132600.00. Forecast headroom on 2025-05-04 is 590645.99 against a request of 140600.00. Decision: affordable_now / full_payment."
request_60,199.89,affordable_now,full_payment,2026-01-06:199.89,2026-01-06,none,"Balance 683.69 USD, min balance 400.00. Forecast headroom on 2026-01-06 is 248.69 against a request of 199.89. Decision: affordable_now / full_payment."
request_61,29062.0,affordable_now,full_payment,2024-03-03:29062.00,2024-03-03,none,"Balance 147470.23 ZAR, min balance 36700.00. Forecast headroom on 2024-03-03 is 108480.03 against a request of 29062.00. Decision: affordable_now / full_payment."
request_62,404.23,affordable_now,full_payment,2025-08-05:404.23,2025-08-05,none,"Balance 5151.44 USD, min balance 1300.00. Forecast headroom on 2025-08-05 is 3706.44 against a request of 404.23. Decision: affordable_now / full_payment."
request_63,90145.0,not_affordable,not_recommended,none,,none,"Balance 251795.00 INR, min balance 153500.00. Forecast headroom on 2026-07-07 is 90145.00 against a request of 343900.00. Decision: not_affordable / not_recommended."
request_64,0.0,not_affordable,not_recommended,none,,none,"Balance 98573.01 INR, min balance 36100.00. Forecast headroom on 2024-06-04 is -19446.25 against a request of 63700.00. Decision: not_affordable / not_recommended."
request_65,13024.0,not_affordable,not_recommended,none,,none,"Balance 28524.00 ZAR, min balance 15500.00. Forecast headroom on 2025-11-06 is 13024.00 against a request of 54340.00. Decision: not_affordable / not_recommended."
request_66,22200.0,affordable_now,full_payment,2026-04-03:22200.00,2026-04-03,none,"Balance 302520.00 INR, min balance 80700.00. Forecast headroom on 2026-04-03 is 221820.00 against a request of 22200.00. Decision: affordable_now / full_payment."
request_67,792.54,affordable_with_plan,full_payment,2024-09-15:2094.00,2024-09-15,none,"Balance 1992.54 USD, min balance 1200.00. Forecast headroom on 2024-09-05 is 792.54 against a request of 2094.00. Decision: affordable_with_plan / full_payment."
request_68,2091.6,affordable_now,full_payment,2025-02-07:2091.60,2025-02-07,none,"Balance 3657.83 USD, min balance 1500.00. Forecast headroom on 2025-02-07 is 2157.83 against a request of 2091.60. Decision: affordable_now / full_payment."
request_69,529.1,affordable_now,full_payment,2026-01-04:529.10,2026-01-04,none,"Balance 1639.50 EUR, min balance 700.00. Forecast headroom on 2026-01-04 is 939.50 against a request of 529.10. Decision: affordable_now / full_payment."
request_70,93360.0,not_affordable,not_recommended,none,,none,"Balance 208360.00 INR, min balance 115000.00. Forecast headroom on 2024-12-06 is 93360.00 against a request of 243900.00. Decision: not_affordable / not_recommended."
request_71,7485050.0,not_affordable,not_recommended,none,,none,"Balance 16369850.00 IDR, min balance 8884800.00. Forecast headroom on 2025-05-03 is 7485050.00 against a request of 21451000.00. Decision: not_affordable / not_recommended."
request_72,11330.0,affordable_now,full_payment,2026-07-05:11330.00,2026-07-05,none,"Balance 30337.13 ZAR, min balance 12200.00. Forecast headroom on 2026-07-05 is 18137.13 against a request of 11330.00. Decision: affordable_now / full_payment."
request_73,71400.0,affordable_now,full_payment,2023-01-20:71400.00,2023-01-20,none,"Balance 278542.50 INR, min balance 103200.00. Forecast headroom on 2023-01-20 is 171692.50 against a request of 71400.00. Decision: affordable_now / full_payment."
request_74,5010.0,affordable_now,full_payment,2025-08-04:5010.00,2025-08-04,none,"Balance 70056.90 ZAR, min balance 21900.00. Forecast headroom on 2025-08-04 is 48156.90 against a request of 5010.00. Decision: affordable_now / full_payment."
request_75,28270.0,affordable_now,full_payment,2026-04-06:28270.00,2026-04-06,none,"Balance 145867.87 ZAR, min balance 39000.00. Forecast headroom on 2026-04-06 is 106867.87 against a request of 28270.00. Decision: affordable_now / full_payment."
request_76,1538.8,not_affordable,not_recommended,none,,none,"Balance 3338.80 USD, min balance 1800.00. Forecast headroom on 2024-06-03 is 1538.80 against a request of 4455.60. Decision: not_affordable / not_recommended."
request_77,60700.0,affordable_now,full_payment,2025-11-05:60700.00,2025-11-05,none,"Balance 189860.50 INR, min balance 82200.00. Forecast headroom on 2025-11-05 is 107660.50 against a request of 60700.00. Decision: affordable_now / full_payment."
request_78,50200.0,affordable_now,full_payment,2025-10-02:50200.00,2025-10-02,none,"Balance 156676.00 INR, min balance 55200.00. Forecast headroom on 2025-10-02 is 101476.00 against a request of 50200.00. Decision: affordable_now / full_payment."
request_79,1104.08,affordable_with_plan,partial_payment,2024-09-04:1104.08|2024-09-15:1047.52,2024-09-15,none,"Balance 2104.08 EUR, min balance 1000.00. Forecast headroom on 2024-09-04 is 1104.08 against a request of 2151.60. Decision: affordable_with_plan / partial_payment."
request_80,152115.0,not_affordable,not_recommended,none,,none,"Balance 280125.00 INR, min balance 121300.00. Forecast headroom on 2025-02-06 is 152115.00 against a request of 217500.00. Decision: not_affordable / not_recommended."
request_81,2076.0,affordable_now,full_payment,2026-07-03:2076.00,2026-07-03,none,"Balance 5028.25 USD, min balance 1600.00. Forecast headroom on 2026-07-03 is 3255.25 against a request of 2076.00. Decision: affordable_now / full_payment."
request_82,1011.4,not_affordable,not_recommended,none,,none,"Balance 2202.40 USD, min balance 1100.00. Forecast headroom on 2024-12-05 is 1011.40 against a request of 1405.20. Decision: not_affordable / not_recommended."
request_83,28330.0,not_affordable,not_recommended,none,,none,"Balance 68930.00 INR, min balance 37800.00. Forecast headroom on 2025-05-07 is 28330.00 against a request of 156200.00. Decision: not_affordable / not_recommended."
request_84,56565.0,not_affordable,not_recommended,none,,reduce_to:event_7940:1730.00|reduce_to:event_7941:0.00,"Balance 153945.00 INR, min balance 91300.00. Forecast headroom on 2026-04-04 is 56565.00 against a request of 95400.00. Decision: not_affordable / not_recommended. Required spending changes: reduce_to:event_7940:1730.00, reduce_to:event_7941:0.00."
request_85,2422120.0,not_affordable,not_recommended,none,,none,"Balance 8818420.00 IDR, min balance 6396300.00. Forecast headroom on 2024-03-06 is 2422120.00 against a request of 19304000.00. Decision: not_affordable / not_recommended."
request_86,46300.0,affordable_now,full_payment,2025-08-03:46300.00,2025-08-03,none,"Balance 228639.50 INR, min balance 84900.00. Forecast headroom on 2025-08-03 is 143739.50 against a request of 46300.00. Decision: affordable_now / full_payment."
request_87,92850.0,not_affordable,not_recommended,none,,none,"Balance 278750.00 INR, min balance 185900.00. Forecast headroom on 2026-01-05 is 92850.00 against a request of 487900.00. Decision: not_affordable / not_recommended."
request_88,15557.89,not_affordable,not_recommended,none,,none,"Balance 41357.89 ZAR, min balance 25800.00. Forecast headroom on 2024-06-07 is 15557.89 against a request of 26092.00. Decision: not_affordable / not_recommended."
request_89,13756000.0,affordable_now,full_payment,2025-11-04:13756000.00,2025-11-04,none,"Balance 27331862.01 IDR, min balance 12534700.00. Forecast headroom on 2025-11-04 is 14797162.01 against a request of 13756000.00. Decision: affordable_now / full_payment."
request_90,2560.0,affordable_now,full_payment,2026-07-06:2560.00,2026-07-06,none,"Balance 31629.50 ZAR, min balance 7600.00. Forecast headroom on 2026-07-06 is 24029.50 against a request of 2560.00. Decision: affordable_now / full_payment."
request_91,1927.2,affordable_now,full_payment,2024-09-03:1927.20,2024-09-03,none,"Balance 4209.60 EUR, min balance 2100.00. Forecast headroom on 2024-09-03 is 1943.60 against a request of 1927.20. Decision: affordable_now / full_payment."
request_92,34034.0,affordable_now,full_payment,2025-02-05:34034.00,2025-02-05,none,"Balance 78664.47 ZAR, min balance 28100.00. Forecast headroom on 2025-02-05 is 50564.47 against a request of 34034.00. Decision: affordable_now / full_payment."
request_93,1729.2,affordable_now,full_payment,2026-04-07:1729.20,2026-04-07,none,"Balance 3962.10 USD, min balance 1900.00. Forecast headroom on 2026-04-07 is 2062.10 against a request of 1729.20. Decision: affordable_now / full_payment."
request_94,572.0,affordable_now,full_payment,2024-12-04:572.00,2024-12-04,none,"Balance 2663.60 EUR, min balance 600.00. Forecast headroom on 2024-12-04 is 2063.60 against a request of 572.00. Decision: affordable_now / full_payment."
request_95,137865.0,not_affordable,not_recommended,none,,none,"Balance 283365.00 INR, min balance 145500.00. Forecast headroom on 2025-05-06 is 137865.00 against a request of 553000.00. Decision: not_affordable / not_recommended."
request_96,90200.0,affordable_now,full_payment,2026-01-03:90200.00,2026-01-03,none,"Balance 161635.49 INR, min balance 56500.00. Forecast headroom on 2026-01-03 is 105135.49 against a request of 90200.00. Decision: affordable_now / full_payment."
request_97,8145.28,affordable_with_plan,installments,2024-03-19:8145.28|2024-04-19:8145.28|2024-05-20:8145.28,2024-03-15,none,"Balance 38565.89 ZAR, min balance 29700.00. Forecast headroom on 2024-03-05 is 8865.89 against a request of 23496.00. Decision: affordable_with_plan / installments."
request_98,17244.7,not_affordable,not_recommended,none,,none,"Balance 47244.70 ZAR, min balance 30000.00. Forecast headroom on 2025-08-07 is 17244.70 against a request of 27148.00. Decision: not_affordable / not_recommended."
request_99,18062.0,affordable_now,full_payment,2026-07-04:18062.00,2026-07-04,none,"Balance 86706.58 ZAR, min balance 49100.00. Forecast headroom on 2026-07-04 is 37606.58 against a request of 18062.00. Decision: affordable_now / full_payment."
request_100,12866.19,affordable_with_plan,installments,2024-06-13:12866.19|2024-07-14:12866.19|2024-08-14:12866.19,2024-06-15,none,"Balance 68363.53 ZAR, min balance 32500.00. Forecast headroom on 2024-06-06 is 34836.13 against a request of 37114.00. Decision: affordable_with_plan / installments."
request_101,143500.0,affordable_now,full_payment,2025-11-03:143500.00,2025-11-03,none,"Balance 465868.50 INR, min balance 187400.00. Forecast headroom on 2025-11-03 is 262808.50 against a request of 143500.00. Decision: affordable_now / full_payment."
request_102,1716.0,affordable_now,full_payment,2026-04-05:1716.00,2026-04-05,none,"Balance 4643.74 EUR, min balance 900.00. Forecast headroom on 2026-04-05 is 3657.74 against a request of 1716.00. Decision: affordable_now / full_payment."
request_103,35759.0,not_affordable,not_recommended,none,,none,"Balance 168749.00 INR, min balance 125500.00. Forecast headroom on 2024-09-07 is 35759.00 against a request of 368300.00. Decision: not_affordable / not_recommended."
request_104,17204.0,affordable_now,full_payment,2025-02-04:17204.00,2025-02-04,none,"Balance 64021.70 ZAR, min balance 24700.00. Forecast headroom on 2025-02-04 is 37357.10 against a request of 17204.00. Decision: affordable_now / full_payment."
request_105,53500.0,affordable_now,full_payment,2026-06-08:53500.00,2026-06-08,none,"Balance 147831.80 INR, min balance 73900.00. Forecast headroom on 2026-06-08 is 73931.80 against a request of 53500.00. Decision: affordable_now / full_payment."
request_106,1401.7,not_affordable,not_recommended,none,,none,"Balance 2601.70 EUR, min balance 1200.00. Forecast headroom on 2024-12-03 is 1401.70 against a request of 2207.70. Decision: not_affordable / not_recommended."
request_107,2534.4,affordable_now,full_payment,2025-05-05:2534.40,2025-05-05,none,"Balance 5054.52 EUR, min balance 1600.00. Forecast headroom on 2025-05-05 is 3454.52 against a request of 2534.40. Decision: affordable_now / full_payment."
request_108,7836.4,not_affordable,not_recommended,none,,none,"Balance 31936.40 ZAR, min balance 24100.00. Forecast headroom on 2026-07-07 is 7836.40 against a request of 55308.00. Decision: not_affordable / not_recommended."
request_109,645.98,affordable_with_plan,installments,2024-03-18:645.98|2024-04-18:645.98|2024-05-19:645.98,2024-03-15,none,"Balance 2976.46 EUR, min balance 1700.00. Forecast headroom on 2024-03-04 is 1276.46 against a request of 1863.40. Decision: affordable_with_plan / installments."
request_110,22352.0,affordable_now,full_payment,2025-08-06:22352.00,2025-08-06,none,"Balance 61229.53 ZAR, min balance 11200.00. Forecast headroom on 2025-08-06 is 50029.53 against a request of 22352.00. Decision: affordable_now / full_payment."
request_111,16625000.0,affordable_now,full_payment,2026-04-03:16625000.00,2026-04-03,none,"Balance 85204860.00 IDR, min balance 23022800.00. Forecast headroom on 2026-04-03 is 62182060.00 against a request of 16625000.00. Decision: affordable_now / full_payment."
request_112,271.7,affordable_now,full_payment,2024-06-05:271.70,2024-06-05,none,"Balance 1026.00 EUR, min balance 500.00. Forecast headroom on 2024-06-05 is 526.00 against a request of 271.70. Decision: affordable_now / full_payment."
request_113,36500.0,affordable_now,full_payment,2026-09-04:36500.00,2026-09-04,none,"Balance 141890.00 INR, min balance 82300.00. Forecast headroom on 2026-09-04 is 59590.00 against a request of 36500.00. Decision: affordable_now / full_payment."
request_114,65300.0,affordable_now,full_payment,2026-01-04:65300.00,2026-01-04,none,"Balance 219230.00 INR, min balance 113400.00. Forecast headroom on 2026-01-04 is 105830.00 against a request of 65300.00. Decision: affordable_now / full_payment."
request_115,27135.0,not_affordable,not_recommended,none,,none,"Balance 65935.00 INR, min balance 38800.00. Forecast headroom on 2024-09-06 is 27135.00 against a request of 80500.00. Decision: not_affordable / not_recommended."
request_116,58075.0,not_affordable,not_recommended,none,,none,"Balance 138375.00 INR, min balance 80300.00. Forecast headroom on 2025-02-03 is 58075.00 against a request of 241200.00. Decision: not_affordable / not_recommended."
request_117,880.0,affordable_now,full_payment,2026-07-05:880.00,2026-07-05,none,"Balance 2164.20 EUR, min balance 1000.00. Forecast headroom on 2026-07-05 is 1164.20 against a request of 880.00. Decision: affordable_now / full_payment."
request_118,738.1,affordable_now,full_payment,2024-12-07:738.10,2024-12-07,none,"Balance 1538.51 EUR, min balance 600.00. Forecast headroom on 2024-12-07 is 938.51 against a request of 738.10. Decision: affordable_now / full_payment."
request_119,130901.01,not_affordable,not_recommended,none,,none,"Balance 282101.01 INR, min balance 151200.00. Forecast headroom on 2025-05-04 is 130901.01 against a request of 203500.00. Decision: not_affordable / not_recommended."
request_120,7714000.0,affordable_now,full_payment,2026-04-06:7714000.00,2026-04-06,none,"Balance 31748980.00 IDR, min balance 20050300.00. Forecast headroom on 2026-04-06 is 11111580.00 against a request of 7714000.00. Decision: affordable_now / full_payment."
request_121,633.6,affordable_now,full_payment,2024-03-03:633.60,2024-03-03,none,"Balance 1741.00 USD, min balance 800.00. Forecast headroom on 2024-03-03 is 916.00 against a request of 633.60. Decision: affordable_now / full_payment."
request_122,20558000.0,affordable_now,full_payment,2025-08-05:20558000.00,2025-08-05,none,"Balance 56827244.99 IDR, min balance 12588500.00. Forecast headroom on 2025-08-05 is 43288744.99 against a request of 20558000.00. Decision: affordable_now / full_payment."
request_123,4076000.0,affordable_now,full_payment,2026-01-07:4076000.00,2026-01-07,none,"Balance 63706400.00 IDR, min balance 18091200.00. Forecast headroom on 2026-01-07 is 44226300.00 against a request of 4076000.00. Decision: affordable_now / full_payment."
request_124,1076.12,affordable_with_plan,installments,2024-06-11:1076.12|2024-07-12:1076.12|2024-08-12:1076.12,2024-06-15,none,"Balance 3709.56 EUR, min balance 1600.00. Forecast headroom on 2024-06-04 is 2049.56 against a request of 3104.20. Decision: affordable_with_plan / installments."
request_125,6468.0,affordable_now,full_payment,2025-11-06:6468.00,2025-11-06,none,"Balance 22027.97 ZAR, min balance 11300.00. Forecast headroom on 2025-11-06 is 10727.97 against a request of 6468.00. Decision: affordable_now / full_payment."
request_126,159600.0,affordable_now,full_payment,2026-07-03:159600.00,2026-07-03,none,"Balance 403175.00 INR, min balance 129700.00. Forecast headroom on 2026-07-03 is 273475.00 against a request of 159600.00. Decision: affordable_now / full_payment."
request_127,23980.0,affordable_now,full_payment,2024-09-05:23980.00,2024-09-05,none,"Balance 66058.00 ZAR, min balance 41000.00. Forecast headroom on 2024-09-05 is 25058.00 against a request of 23980.00. Decision: affordable_now / full_payment."
request_128,25168.0,affordable_now,full_payment,2025-02-07:25168.00,2025-02-07,none,"Balance 80711.70 ZAR, min balance 42600.00. Forecast headroom on 2025-02-07 is 38111.70 against a request of 25168.00. Decision: affordable_now / full_payment."
request_129,288.0,not_affordable,not_recommended,none,,none,"Balance 1088.00 USD, min balance 800.00. Forecast headroom on 2026-04-04 is 288.00 against a request of 2668.80. Decision: not_affordable / not_recommended."
request_130,917.46,not_affordable,not_recommended,none,,none,"Balance 2317.46 USD, min balance 1400.00. Forecast headroom on 2024-12-06 is 917.46 against a request of 1978.80. Decision: not_affordable / not_recommended."
request_131,1855.2,affordable_now,full_payment,2025-05-03:1855.20,2025-05-03,none,"Balance 3387.16 USD, min balance 1100.00. Forecast headroom on 2025-05-03 is 2287.16 against a request of 1855.20. Decision: affordable_now / full_payment."
request_132,379.86,affordable_now,full_payment,2026-01-05:379.86,2026-01-05,none,"Balance 1744.55 USD, min balance 1100.00. Forecast headroom on 2026-01-05 is 644.55 against a request of 379.86. Decision: affordable_now / full_payment."
request_133,15770000.0,affordable_now,full_payment,2024-03-07:15770000.00,2024-03-07,none,"Balance 36824650.00 IDR, min balance 9986200.00. Forecast headroom on 2024-03-07 is 26838450.00 against a request of 15770000.00. Decision: affordable_now / full_payment."
request_134,12118200.0,affordable_with_plan,full_payment,2025-08-15:21831000.00,2025-08-15,none,"Balance 28020700.00 IDR, min balance 15902500.00. Forecast headroom on 2025-08-04 is 12118200.00 against a request of 21831000.00. Decision: affordable_with_plan / full_payment."
request_135,304.8,affordable_now,full_payment,2026-07-06:304.80,2026-07-06,none,"Balance 1041.10 USD, min balance 500.00. Forecast headroom on 2026-07-06 is 541.10 against a request of 304.80. Decision: affordable_now / full_payment."
request_136,560.4,affordable_now,full_payment,2024-06-03:560.40,2024-06-03,none,"Balance 2291.68 USD, min balance 1100.00. Forecast headroom on 2024-06-03 is 1191.68 against a request of 560.40. Decision: affordable_now / full_payment."
request_137,67960.0,not_affordable,not_recommended,none,,none,"Balance 139760.00 INR, min balance 71800.00. Forecast headroom on 2025-11-05 is 67960.00 against a request of 80100.00. Decision: not_affordable / not_recommended."
request_138,435.74,affordable_with_plan,installments,2026-04-07:435.74|2026-05-05:435.74|2026-06-02:435.74,2026-04-07,reduce_to:event_12709:0.00,"Balance 3644.65 EUR, min balance 2300.00. Forecast headroom on 2026-04-07 is 1209.90 against a request of 1256.94. Decision: affordable_with_plan / installments. Required spending changes: reduce_to:event_12709:0.00."
request_139,802.88,affordable_with_plan,installments,2024-09-07:802.88|2024-10-08:802.88|2024-11-08:802.88,2024-09-15,none,"Balance 3767.84 USD, min balance 1500.00. Forecast headroom on 2024-09-04 is 2185.84 against a request of 2316.00. Decision: affordable_with_plan / installments."
request_140,11074.8,not_affordable,not_recommended,none,,none,"Balance 34679.00 ZAR, min balance 21600.00. Forecast headroom on 2025-02-06 is 11074.80 against a request of 62832.00. Decision: not_affordable / not_recommended."
request_141,51435.0,not_affordable,not_recommended,none,,none,"Balance 122545.00 INR, min balance 67300.00. Forecast headroom on 2026-01-03 is 51435.00 against a request of 171600.00. Decision: not_affordable / not_recommended."
request_142,1263.6,affordable_now,full_payment,2024-12-05:1263.60,2024-12-05,none,"Balance 5993.85 USD, min balance 1700.00. Forecast headroom on 2024-12-05 is 4228.85 against a request of 1263.60. Decision: affordable_now / full_payment."
request_143,8384.2,not_affordable,not_recommended,none,,none,"Balance 20111.00 ZAR, min balance 11300.00. Forecast headroom on 2025-05-07 is 8384.20 against a request of 12584.00. Decision: not_affordable / not_recommended."
request_144,233.34,affordable_now,full_payment,2026-07-04:233.34,2026-07-04,none,"Balance 1248.08 USD, min balance 600.00. Forecast headroom on 2026-07-04 is 597.08 against a request of 233.34. Decision: affordable_now / full_payment."
request_145,105613.66,not_affordable,not_recommended,none,,none,"Balance 261013.66 INR, min balance 155400.00. Forecast headroom on 2024-03-06 is 105613.66 against a request of 217400.00. Decision: not_affordable / not_recommended."
request_146,81465.0,not_affordable,not_recommended,none,,none,"Balance 190065.00 INR, min balance 108600.00. Forecast headroom on 2025-08-03 is 81465.00 against a request of 449400.00. Decision: not_affordable / not_recommended."
request_147,741.53,not_affordable,not_recommended,none,,none,"Balance 1641.53 EUR, min balance 900.00. Forecast headroom on 2026-04-05 is 741.53 against a request of 1129.70. Decision: not_affordable / not_recommended."
request_148,13181.08,not_affordable,not_recommended,none,,none,"Balance 33181.08 ZAR, min balance 20000.00. Forecast headroom on 2024-06-07 is 13181.08 against a request of 22242.00. Decision: not_affordable / not_recommended."
request_149,36652.0,affordable_now,full_payment,2025-11-04:36652.00,2025-11-04,none,"Balance 84358.38 ZAR, min balance 42100.00. Forecast headroom on 2025-11-04 is 42258.38 against a request of 36652.00. Decision: affordable_now / full_payment."
request_150,496.1,affordable_now,full_payment,2026-01-06:496.10,2026-01-06,none,"Balance 1257.44 EUR, min balance 700.00. Forecast headroom on 2026-01-06 is 557.44 against a request of 496.10. Decision: affordable_now / full_payment."
request_151,26999000.0,affordable_now,full_payment,2024-09-03:26999000.00,2024-09-03,none,"Balance 83998265.00 IDR, min balance 31633600.00. Forecast headroom on 2024-09-03 is 52364665.00 against a request of 26999000.00. Decision: affordable_now / full_payment."
request_152,13882.0,affordable_now,full_payment,2025-02-05:13882.00,2025-02-05,none,"Balance 28368.77 ZAR, min balance 11900.00. Forecast headroom on 2025-02-05 is 16468.77 against a request of 13882.00. Decision: affordable_now / full_payment."
request_153,503.6,not_affordable,not_recommended,none,,none,"Balance 1903.60 USD, min balance 1400.00. Forecast headroom on 2026-07-07 is 503.60 against a request of 2830.80. Decision: not_affordable / not_recommended."
request_154,1625.8,affordable_now,full_payment,2024-12-04:1625.80,2024-12-04,none,"Balance 4679.40 EUR, min balance 1300.00. Forecast headroom on 2024-12-04 is 3379.40 against a request of 1625.80. Decision: affordable_now / full_payment."
request_155,112500.0,affordable_now,full_payment,2025-05-06:112500.00,2025-05-06,none,"Balance 218050.00 INR, min balance 56300.00. Forecast headroom on 2025-05-06 is 161750.00 against a request of 112500.00. Decision: affordable_now / full_payment."
request_156,13588.3,not_affordable,not_recommended,none,,reduce_to:event_14399:0.00,"Balance 42105.30 ZAR, min balance 26900.00. Forecast headroom on 2026-04-03 is 13588.30 against a request of 43076.00. Decision: not_affordable / not_recommended. Required spending changes: reduce_to:event_14399:0.00."
request_157,10091850.0,not_affordable,not_recommended,none,,none,"Balance 25805950.00 IDR, min balance 15714100.00. Forecast headroom on 2024-03-05 is 10091850.00 against a request of 23503000.00. Decision: not_affordable / not_recommended."
request_158,242600.0,affordable_now,full_payment,2025-08-07:242600.00,2025-08-07,none,"Balance 745417.10 INR, min balance 131400.00. Forecast headroom on 2025-08-07 is 614017.10 against a request of 242600.00. Decision: affordable_now / full_payment."
request_159,13398.0,affordable_now,full_payment,2026-01-04:13398.00,2026-01-04,none,"Balance 40283.20 ZAR, min balance 8700.00. Forecast headroom on 2026-01-04 is 31583.20 against a request of 13398.00. Decision: affordable_now / full_payment."
request_160,857.61,not_affordable,not_recommended,none,,none,"Balance 2144.61 EUR, min balance 1200.00. Forecast headroom on 2024-06-06 is 857.61 against a request of 1246.30. Decision: not_affordable / not_recommended."
request_161,17241550.0,not_affordable,not_recommended,none,,none,"Balance 41308350.00 IDR, min balance 23010400.00. Forecast headroom on 2025-11-03 is 17241550.00 against a request of 21204000.00. Decision: not_affordable / not_recommended."
request_162,8601300.0,not_affordable,not_recommended,none,,none,"Balance 34607300.00 IDR, min balance 24161100.00. Forecast headroom on 2026-07-05 is 8601300.00 against a request of 83923000.00. Decision: not_affordable / not_recommended."
request_163,19304000.0,affordable_now,full_payment,2024-09-07:19304000.00,2024-09-07,none,"Balance 49519524.26 IDR, min balance 26728700.00. Forecast headroom on 2024-09-07 is 21078924.26 against a request of 19304000.00. Decision: affordable_now / full_payment."
request_164,27018000.0,affordable_now,full_payment,2025-02-04:27018000.00,2025-02-04,none,"Balance 75429169.20 IDR, min balance 29550500.00. Forecast headroom on 2025-02-04 is 44542969.20 against a request of 27018000.00. Decision: affordable_now / full_payment."
request_165,80600.0,affordable_now,full_payment,2026-04-06:80600.00,2026-04-06,none,"Balance 366705.00 INR, min balance 95000.00. Forecast headroom on 2026-04-06 is 271705.00 against a request of 80600.00. Decision: affordable_now / full_payment."
request_166,2907.6,affordable_now,full_payment,2024-12-03:2907.60,2024-12-03,none,"Balance 9001.95 USD, min balance 1700.00. Forecast headroom on 2024-12-03 is 7301.95 against a request of 2907.60. Decision: affordable_now / full_payment."
request_167,43802.0,affordable_now,full_payment,2025-05-05:43802.00,2025-05-05,none,"Balance 105090.30 ZAR, min balance 31200.00. Forecast headroom on 2025-05-05 is 73890.30 against a request of 43802.00. Decision: affordable_now / full_payment."
request_168,49380.0,affordable_now,full_payment,2026-01-07:49380.00,2026-01-07,none,"Balance 173843.00 INR, min balance 114400.00. Forecast headroom on 2026-01-07 is 59443.00 against a request of 49380.00. Decision: affordable_now / full_payment."
request_169,41976.0,affordable_now,full_payment,2024-03-04:41976.00,2024-03-04,none,"Balance 77544.50 ZAR, min balance 18700.00. Forecast headroom on 2024-03-04 is 58844.50 against a request of 41976.00. Decision: affordable_now / full_payment."
request_170,36936000.0,affordable_now,full_payment,2025-08-06:36936000.00,2025-08-06,none,"Balance 69446998.40 IDR, min balance 24715800.00. Forecast headroom on 2025-08-06 is 44731198.40 against a request of 36936000.00. Decision: affordable_now / full_payment."
request_171,310.65,not_affordable,not_recommended,none,,none,"Balance 810.65 EUR, min balance 500.00. Forecast headroom on 2026-07-03 is 310.65 against a request of 1878.80. Decision: not_affordable / not_recommended."
request_172,10200.0,affordable_now,full_payment,2024-06-05:10200.00,2024-06-05,none,"Balance 50942.40 ZAR, min balance 27200.00. Forecast headroom on 2024-06-05 is 23742.40 against a request of 10200.00. Decision: affordable_now / full_payment."
request_173,83190.53,not_affordable,not_recommended,none,,none,"Balance 162290.53 INR, min balance 79100.00. Forecast headroom on 2025-11-07 is 83190.53 against a request of 113000.00. Decision: not_affordable / not_recommended."
request_174,1146.2,affordable_now,full_payment,2026-04-04:1146.20,2026-04-04,none,"Balance 3266.04 EUR, min balance 700.00. Forecast headroom on 2026-04-04 is 2566.04 against a request of 1146.20. Decision: affordable_now / full_payment."
request_175,2346.3,affordable_now,full_payment,2024-09-06:2346.30,2024-09-06,none,"Balance 4760.25 EUR, min balance 1700.00. Forecast headroom on 2024-09-06 is 3060.25 against a request of 2346.30. Decision: affordable_now / full_payment."
request_176,686.95,not_affordable,not_recommended,none,,none,"Balance 1286.95 EUR, min balance 600.00. Forecast headroom on 2025-02-03 is 686.95 against a request of 1239.70. Decision: not_affordable / not_recommended."
request_177,1017.6,affordable_now,full_payment,2026-01-05:1017.60,2026-01-05,none,"Balance 2987.24 USD, min balance 1300.00. Forecast headroom on 2026-01-05 is 1687.24 against a request of 1017.60. Decision: affordable_now / full_payment."
request_178,2938.1,affordable_now,full_payment,2024-12-07:2938.10,2024-12-07,none,"Balance 7959.30 EUR, min balance 1400.00. Forecast headroom on 2024-12-07 is 6559.30 against a request of 2938.10. Decision: affordable_now / full_payment."
request_179,37957250.0,not_affordable,not_recommended,none,,none,"Balance 79388050.00 IDR, min balance 41430800.00. Forecast headroom on 2025-05-04 is 37957250.00 against a request of 41648000.00. Decision: not_affordable / not_recommended."
request_180,66500.0,affordable_now,full_payment,2026-07-06:66500.00,2026-07-06,none,"Balance 134980.00 INR, min balance 37300.00. Forecast headroom on 2026-07-06 is 95390.00 against a request of 66500.00. Decision: affordable_now / full_payment."
request_181,1141.0,not_affordable,not_recommended,none,,none,"Balance 3362.00 USD, min balance 2000.00. Forecast headroom on 2024-03-03 is 1141.00 against a request of 5059.20. Decision: not_affordable / not_recommended."
request_182,65714.0,affordable_now,full_payment,2025-08-05:65714.00,2025-08-05,none,"Balance 125010.30 ZAR, min balance 31100.00. Forecast headroom on 2025-08-05 is 92667.30 against a request of 65714.00. Decision: affordable_now / full_payment."
request_183,26866000.0,affordable_now,full_payment,2026-04-07:26866000.00,2026-04-07,none,"Balance 42156223.74 IDR, min balance 11878300.00. Forecast headroom on 2026-04-07 is 28947923.74 against a request of 26866000.00. Decision: affordable_now / full_payment."
request_184,47540.0,not_affordable,not_recommended,none,,none,"Balance 163160.00 INR, min balance 110800.00. Forecast headroom on 2024-06-04 is 47540.00 against a request of 251900.00. Decision: not_affordable / not_recommended."
request_185,783.4,not_affordable,not_recommended,none,,none,"Balance 2083.40 EUR, min balance 1300.00. Forecast headroom on 2025-11-06 is 783.40 against a request of 1257.30. Decision: not_affordable / not_recommended."
request_186,22863.5,not_affordable,not_recommended,none,,none,"Balance 44863.50 ZAR, min balance 22000.00. Forecast headroom on 2026-01-03 is 22863.50 against a request of 26554.00. Decision: not_affordable / not_recommended."
request_187,67435.0,not_affordable,not_recommended,none,,none,"Balance 195735.00 INR, min balance 128300.00. Forecast headroom on 2024-09-05 is 67435.00 against a request of 187500.00. Decision: not_affordable / not_recommended."
request_188,585.3,not_affordable,not_recommended,none,,none,"Balance 1485.30 EUR, min balance 900.00. Forecast headroom on 2025-02-07 is 585.30 against a request of 2464.00. Decision: not_affordable / not_recommended."
request_189,488.4,affordable_now,full_payment,2026-07-04:488.40,2026-07-04,none,"Balance 1147.66 EUR, min balance 400.00. Forecast headroom on 2026-07-04 is 747.66 against a request of 488.40. Decision: affordable_now / full_payment."
request_190,1555.8,affordable_with_plan,full_payment,2024-12-15:2557.50,2024-12-15,none,"Balance 3155.80 EUR, min balance 1600.00. Forecast headroom on 2024-12-06 is 1555.80 against a request of 2557.50. Decision: affordable_with_plan / full_payment."
request_191,664.4,affordable_now,full_payment,2025-05-03:664.40,2025-05-03,none,"Balance 1591.06 EUR, min balance 500.00. Forecast headroom on 2025-05-03 is 1091.06 against a request of 664.40. Decision: affordable_now / full_payment."
request_192,384.8,not_affordable,not_recommended,none,,none,"Balance 1384.80 USD, min balance 1000.00. Forecast headroom on 2026-04-05 is 384.80 against a request of 2046.00. Decision: not_affordable / not_recommended."
request_193,310.62,not_affordable,not_recommended,none,,none,"Balance 1310.62 EUR, min balance 1000.00. Forecast headroom on 2024-03-07 is 310.62 against a request of 1212.20. Decision: not_affordable / not_recommended."
request_194,95030.0,not_affordable,not_recommended,none,,none,"Balance 208630.00 INR, min balance 113600.00. Forecast headroom on 2025-08-04 is 95030.00 against a request of 132800.00. Decision: not_affordable / not_recommended."
request_195,1170.4,affordable_now,full_payment,2026-01-06:1170.40,2026-01-06,none,"Balance 2011.18 EUR, min balance 700.00. Forecast headroom on 2026-01-06 is 1311.18 against a request of 1170.40. Decision: affordable_now / full_payment."
request_196,762.3,affordable_now,full_payment,2024-06-03:762.30,2024-06-03,none,"Balance 1575.65 EUR, min balance 500.00. Forecast headroom on 2024-06-03 is 1075.65 against a request of 762.30. Decision: affordable_now / full_payment."
request_197,50939000.0,affordable_now,full_payment,2025-11-05:50939000.00,2025-11-05,none,"Balance 96081218.26 IDR, min balance 26245900.00. Forecast headroom on 2025-11-05 is 69835318.26 against a request of 50939000.00. Decision: affordable_now / full_payment."
request_198,185800.0,affordable_now,full_payment,2026-07-07:185800.00,2026-07-07,none,"Balance 395190.00 INR, min balance 124300.00. Forecast headroom on 2026-07-07 is 262090.00 against a request of 185800.00. Decision: affordable_now / full_payment."
request_199,23674000.0,affordable_now,full_payment,2024-09-04:23674000.00,2024-09-04,none,"Balance 136691818.94 IDR, min balance 25359500.00. Forecast headroom on 2024-09-04 is 111332318.94 against a request of 23674000.00. Decision: affordable_now / full_payment."
request_200,21717000.0,affordable_now,full_payment,2025-02-06:21717000.00,2025-02-06,none,"Balance 53886150.00 IDR, min balance 20114600.00. Forecast headroom on 2025-02-06 is 32756950.00 against a request of 21717000.00. Decision: affordable_now / full_payment."
request_201,23997000.0,affordable_now,full_payment,2026-04-03:23997000.00,2026-04-03,none,"Balance 77973400.00 IDR, min balance 17304500.00. Forecast headroom on 2026-04-03 is 60003900.00 against a request of 23997000.00. Decision: affordable_now / full_payment."
request_202,123900.0,affordable_now,full_payment,2024-12-05:123900.00,2024-12-05,none,"Balance 366065.00 INR, min balance 147800.00. Forecast headroom on 2024-12-05 is 208335.00 against a request of 123900.00. Decision: affordable_now / full_payment."
request_203,1442.1,affordable_now,full_payment,2025-05-07:1442.10,2025-05-07,none,"Balance 8327.38 EUR, min balance 1400.00. Forecast headroom on 2025-05-07 is 6830.38 against a request of 1442.10. Decision: affordable_now / full_payment."
request_204,588.74,affordable_now,full_payment,2026-01-04:588.74,2026-01-04,none,"Balance 2626.28 EUR, min balance 1300.00. Forecast headroom on 2026-01-04 is 1249.28 against a request of 588.74. Decision: affordable_now / full_payment."
request_205,10621000.0,affordable_now,full_payment,2024-03-06:10621000.00,2024-03-06,none,"Balance 31462900.00 IDR, min balance 13994300.00. Forecast headroom on 2024-03-06 is 17468600.00 against a request of 10621000.00. Decision: affordable_now / full_payment."
request_206,1404.7,affordable_now,full_payment,2025-08-03:1404.70,2025-08-03,none,"Balance 5231.14 EUR, min balance 900.00. Forecast headroom on 2025-08-03 is 4331.14 against a request of 1404.70. Decision: affordable_now / full_payment."
request_207,11830.0,affordable_now,full_payment,2026-07-05:11830.00,2026-07-05,none,"Balance 26729.60 ZAR, min balance 13600.00. Forecast headroom on 2026-07-05 is 13129.60 against a request of 11830.00. Decision: affordable_now / full_payment."
request_208,4413000.0,affordable_now,full_payment,2024-06-07:4413000.00,2024-06-07,none,"Balance 16928800.00 IDR, min balance 10470700.00. Forecast headroom on 2024-06-07 is 6458100.00 against a request of 4413000.00. Decision: affordable_now / full_payment."
request_209,8625.1,not_affordable,not_recommended,none,,none,"Balance 27025.10 ZAR, min balance 18400.00. Forecast headroom on 2025-11-04 is 8625.10 against a request of 56914.00. Decision: not_affordable / not_recommended."
request_210,1360.02,affordable_now,full_payment,2026-04-06:1360.02,2026-04-06,none,"Balance 3525.32 USD, min balance 2000.00. Forecast headroom on 2026-04-06 is 1379.52 against a request of 1360.02. Decision: affordable_now / full_payment."
request_211,1227.89,affordable_with_plan,full_payment,2024-09-15:1788.60,2024-09-15,none,"Balance 2727.89 EUR, min balance 1500.00. Forecast headroom on 2024-09-03 is 1227.89 against a request of 1788.60. Decision: affordable_with_plan / full_payment."
request_212,22344000.0,not_affordable,not_recommended,none,,none,"Balance 51923800.00 IDR, min balance 29579800.00. Forecast headroom on 2025-02-05 is 22344000.00 against a request of 71934000.00. Decision: not_affordable / not_recommended."
request_213,3362.4,affordable_now,full_payment,2026-01-07:3362.40,2026-01-07,none,"Balance 12051.94 USD, min balance 2100.00. Forecast headroom on 2026-01-07 is 9951.94 against a request of 3362.40. Decision: affordable_now / full_payment."
request_214,69750.0,affordable_now,full_payment,2024-12-04:69750.00,2024-12-04,none,"Balance 292180.00 INR, min balance 174900.00. Forecast headroom on 2024-12-04 is 117280.00 against a request of 69750.00. Decision: affordable_now / full_payment."
request_215,29986.0,affordable_now,full_payment,2025-05-06:29986.00,2025-05-06,none,"Balance 93951.16 ZAR, min balance 15700.00. Forecast headroom on 2025-05-06 is 78251.16 against a request of 29986.00. Decision: affordable_now / full_payment."
request_216,1166.8,not_affordable,not_recommended,none,,none,"Balance 2966.80 USD, min balance 1800.00. Forecast headroom on 2026-07-03 is 1166.80 against a request of 3332.40. Decision: not_affordable / not_recommended."
request_217,12889.07,affordable_with_plan,installments,2024-03-19:12889.07|2024-04-19:12889.07|2024-05-20:12889.07,2024-03-15,none,"Balance 58401.97 ZAR, min balance 26800.00. Forecast headroom on 2024-03-05 is 31601.97 against a request of 37180.00. Decision: affordable_with_plan / installments."
request_218,21195893.33,affordable_with_plan,installments,2025-08-07:21195893.33|2025-09-04:21195893.33|2025-10-02:21195893.33,2025-08-15,none,"Balance 72419614.80 IDR, min balance 34477200.00. Forecast headroom on 2025-08-07 is 37942414.80 against a request of 61142000.00. Decision: affordable_with_plan / installments."
request_219,1673.1,affordable_now,full_payment,2026-04-04:1673.10,2026-04-04,none,"Balance 2815.51 EUR, min balance 1100.00. Forecast headroom on 2026-04-04 is 1715.51 against a request of 1673.10. Decision: affordable_now / full_payment."
request_220,307.32,not_affordable,not_recommended,none,,none,"Balance 1487.32 EUR, min balance 1100.00. Forecast headroom on 2024-06-06 is 307.32 against a request of 3118.50. Decision: not_affordable / not_recommended."
request_221,109800.0,affordable_now,full_payment,2025-11-03:109800.00,2025-11-03,none,"Balance 268305.00 INR, min balance 81500.00. Forecast headroom on 2025-11-03 is 183815.00 against a request of 109800.00. Decision: affordable_now / full_payment."
request_222,34078.0,affordable_now,full_payment,2026-01-05:34078.00,2026-01-05,none,"Balance 118101.70 ZAR, min balance 27300.00. Forecast headroom on 2026-01-05 is 89662.10 against a request of 34078.00. Decision: affordable_now / full_payment."
request_223,898.7,affordable_now,full_payment,2024-09-07:898.70,2024-09-07,none,"Balance 2255.51 EUR, min balance 800.00. Forecast headroom on 2024-09-07 is 1391.51 against a request of 898.70. Decision: affordable_now / full_payment."
request_224,10327000.0,affordable_now,full_payment,2025-02-04:10327000.00,2025-02-04,none,"Balance 49969400.00 IDR, min balance 22187600.00. Forecast headroom on 2025-02-04 is 25974900.00 against a request of 10327000.00. Decision: affordable_now / full_payment."
request_225,18120459.6,not_affordable,not_recommended,none,,none,"Balance 35791159.60 IDR, min balance 17670700.00. Forecast headroom on 2026-07-06 is 18120459.60 against a request of 22059000.00. Decision: not_affordable / not_recommended."
request_226,157000.0,affordable_now,full_payment,2024-12-03:157000.00,2024-12-03,none,"Balance 581180.00 INR, min balance 209400.00. Forecast headroom on 2024-12-03 is 371780.00 against a request of 157000.00. Decision: affordable_now / full_payment."
request_227,42755.0,not_affordable,not_recommended,none,,none,"Balance 105655.00 INR, min balance 62900.00. Forecast headroom on 2025-05-05 is 42755.00 against a request of 259700.00. Decision: not_affordable / not_recommended."
request_228,10557350.0,not_affordable,not_recommended,none,,none,"Balance 36748550.00 IDR, min balance 26191200.00. Forecast headroom on 2026-04-07 is 10557350.00 against a request of 63327000.00. Decision: not_affordable / not_recommended."
request_229,727.52,not_affordable,not_recommended,none,,none,"Balance 1800.52 EUR, min balance 1000.00. Forecast headroom on 2024-03-04 is 727.52 against a request of 1526.80. Decision: not_affordable / not_recommended."
request_230,3537.6,affordable_now,full_payment,2025-08-06:3537.60,2025-08-06,none,"Balance 8676.76 EUR, min balance 2000.00. Forecast headroom on 2025-08-06 is 6676.76 against a request of 3537.60. Decision: affordable_now / full_payment."
request_231,35706.0,affordable_now,full_payment,2026-01-03:35706.00,2026-01-03,none,"Balance 84590.59 ZAR, min balance 24300.00. Forecast headroom on 2026-01-03 is 60290.59 against a request of 35706.00. Decision: affordable_now / full_payment."
request_232,1869.4,not_affordable,not_recommended,none,,none,"Balance 4269.40 EUR, min balance 2400.00. Forecast headroom on 2024-06-05 is 1869.40 against a request of 1970.10. Decision: not_affordable / not_recommended."
request_233,6241000.0,affordable_now,full_payment,2025-11-07:6241000.00,2025-11-07,none,"Balance 19341300.00 IDR, min balance 10365700.00. Forecast headroom on 2025-11-07 is 8975600.00 against a request of 6241000.00. Decision: affordable_now / full_payment."
request_234,528.6,not_affordable,not_recommended,none,,none,"Balance 1274.25 EUR, min balance 700.00. Forecast headroom on 2026-07-04 is 528.60 against a request of 1213.30. Decision: not_affordable / not_recommended."
request_235,967.2,affordable_now,full_payment,2024-09-06:967.20,2024-09-06,none,"Balance 2086.28 USD, min balance 700.00. Forecast headroom on 2024-09-06 is 1386.28 against a request of 967.20. Decision: affordable_now / full_payment."
request_236,14404850.0,not_affordable,not_recommended,none,,none,"Balance 31173450.00 IDR, min balance 16768600.00. Forecast headroom on 2025-02-03 is 14404850.00 against a request of 52383000.00. Decision: not_affordable / not_recommended."
request_237,23826000.0,affordable_now,full_payment,2026-04-05:23826000.00,2026-04-05,none,"Balance 100824550.00 IDR, min balance 22431500.00. Forecast headroom on 2026-04-05 is 78393050.00 against a request of 23826000.00. Decision: affordable_now / full_payment."
request_238,663.6,affordable_now,full_payment,2024-12-07:663.60,2024-12-07,none,"Balance 1882.07 USD, min balance 700.00. Forecast headroom on 2024-12-07 is 1182.07 against a request of 663.60. Decision: affordable_now / full_payment."
request_239,642.0,affordable_now,full_payment,2025-05-04:642.00,2025-05-04,none,"Balance 1988.90 USD, min balance 600.00. Forecast headroom on 2025-05-04 is 1388.90 against a request of 642.00. Decision: affordable_now / full_payment."
request_240,37400.0,not_affordable,not_recommended,none,,none,"Balance 92720.00 INR, min balance 52800.00. Forecast headroom on 2026-01-06 is 37400.00 against a request of 101200.00. Decision: not_affordable / not_recommended."
request_241,21052000.0,affordable_now,full_payment,2024-03-03:21052000.00,2024-03-03,none,"Balance 90172322.14 IDR, min balance 19252000.00. Forecast headroom on 2024-03-03 is 69381322.14 against a request of 21052000.00. Decision: affordable_now / full_payment."
request_242,369.4,not_affordable,not_recommended,none,,none,"Balance 1037.40 EUR, min balance 600.00. Forecast headroom on 2025-08-05 is 369.40 against a request of 1966.80. Decision: not_affordable / not_recommended."
request_243,17468.0,affordable_now,full_payment,2026-07-07:17468.00,2026-07-07,none,"Balance 47470.40 ZAR, min balance 19900.00. Forecast headroom on 2026-07-07 is 26499.00 against a request of 17468.00. Decision: affordable_now / full_payment."
request_244,49918.0,affordable_now,full_payment,2024-06-04:49918.00,2024-06-04,none,"Balance 126279.20 ZAR, min balance 45900.00. Forecast headroom on 2024-06-04 is 76861.40 against a request of 49918.00. Decision: affordable_now / full_payment."
request_245,65760.0,not_affordable,not_recommended,none,,none,"Balance 160360.00 INR, min balance 94600.00. Forecast headroom on 2025-11-06 is 65760.00 against a request of 128500.00. Decision: not_affordable / not_recommended."
request_246,64086.0,affordable_now,full_payment,2026-04-03:64086.00,2026-04-03,none,"Balance 201692.06 ZAR, min balance 39300.00. Forecast headroom on 2026-04-03 is 162392.06 against a request of 64086.00. Decision: affordable_now / full_payment."
request_247,1059.3,affordable_now,full_payment,2024-09-05:1059.30,2024-09-05,none,"Balance 2819.20 EUR, min balance 1300.00. Forecast headroom on 2024-09-05 is 1519.20 against a request of 1059.30. Decision: affordable_now / full_payment."
request_248,1507.36,not_affordable,not_recommended,none,,none,"Balance 2807.36 USD, min balance 1300.00. Forecast headroom on 2025-02-07 is 1507.36 against a request of 1965.60. Decision: not_affordable / not_recommended."
request_249,342.4,not_affordable,not_recommended,none,,none,"Balance 942.40 USD, min balance 600.00. Forecast headroom on 2026-01-04 is 342.40 against a request of 643.20. Decision: not_affordable / not_recommended."
request_250,28820.0,not_affordable,not_recommended,none,,none,"Balance 64120.00 ZAR, min balance 35300.00. Forecast headroom on 2024-12-06 is 28820.00 against a request of 124278.00. Decision: not_affordable / not_recommended."
request_251,1513.6,affordable_now,full_payment,2025-05-03:1513.60,2025-05-03,none,"Balance 4648.55 EUR, min balance 1300.00. Forecast headroom on 2025-05-03 is 3348.55 against a request of 1513.60. Decision: affordable_now / full_payment."
request_252,9110500.0,not_affordable,not_recommended,none,,none,"Balance 25250700.00 IDR, min balance 15152200.00. Forecast headroom on 2026-07-05 is 9110500.00 against a request of 28082000.00. Decision: not_affordable / not_recommended."
request_253,2143.57,not_affordable,not_recommended,none,,none,"Balance 4635.57 EUR, min balance 2300.00. Forecast headroom on 2024-03-07 is 2143.57 against a request of 2840.20. Decision: not_affordable / not_recommended."
request_254,1759.6,not_affordable,not_recommended,none,,none,"Balance 4259.60 USD, min balance 2500.00. Forecast headroom on 2025-08-04 is 1759.60 against a request of 3535.20. Decision: not_affordable / not_recommended."
request_255,3345000.0,affordable_now,full_payment,2026-04-06:3345000.00,2026-04-06,none,"Balance 38518150.00 IDR, min balance 9813900.00. Forecast headroom on 2026-04-06 is 28704250.00 against a request of 3345000.00. Decision: affordable_now / full_payment."
request_256,218700.0,affordable_now,full_payment,2024-06-03:218700.00,2024-06-03,none,"Balance 394983.28 INR, min balance 168600.00. Forecast headroom on 2024-06-03 is 226383.28 against a request of 218700.00. Decision: affordable_now / full_payment."
request_257,1085.2,affordable_with_plan,full_payment,2025-11-15:1352.40,2025-11-15,none,"Balance 2685.20 USD, min balance 1600.00. Forecast headroom on 2025-11-05 is 1085.20 against a request of 1352.40. Decision: affordable_with_plan / full_payment."
request_258,1113.6,affordable_now,full_payment,2026-01-07:1113.60,2026-01-07,none,"Balance 2603.68 USD, min balance 500.00. Forecast headroom on 2026-01-07 is 2103.68 against a request of 1113.60. Decision: affordable_now / full_payment."
request_259,627.3,not_affordable,not_recommended,none,,none,"Balance 1269.30 EUR, min balance 600.00. Forecast headroom on 2024-09-04 is 627.30 against a request of 935.00. Decision: not_affordable / not_recommended."
request_260,13522300.0,not_affordable,not_recommended,none,,reduce_to:event_23979:0.00|reduce_to:event_23978:589000.00,"Balance 35787100.00 IDR, min balance 20727700.00. Forecast headroom on 2025-02-06 is 13522300.00 against a request of 52079000.00. Decision: not_affordable / not_recommended. Required spending changes: reduce_to:event_23979:0.00, reduce_to:event_23978:589000.00."
request_261,1830.4,affordable_now,full_payment,2026-07-03:1830.40,2026-07-03,none,"Balance 4718.96 EUR, min balance 1500.00. Forecast headroom on 2026-07-03 is 3129.96 against a request of 1830.40. Decision: affordable_now / full_payment."
request_262,9236000.0,affordable_now,full_payment,2024-12-05:9236000.00,2024-12-05,none,"Balance 88406100.00 IDR, min balance 31018500.00. Forecast headroom on 2024-12-05 is 54446400.00 against a request of 9236000.00. Decision: affordable_now / full_payment."
request_263,13750.0,not_affordable,not_recommended,none,,none,"Balance 38818.00 ZAR, min balance 24100.00. Forecast headroom on 2025-05-07 is 13750.00 against a request of 51546.00. Decision: not_affordable / not_recommended."
request_264,39795.0,not_affordable,not_recommended,none,,none,"Balance 104375.00 INR, min balance 59500.00. Forecast headroom on 2026-04-04 is 39795.00 against a request of 111300.00. Decision: not_affordable / not_recommended."
request_265,45970.0,affordable_now,full_payment,2024-03-06:45970.00,2024-03-06,none,"Balance 786105.00 INR, min balance 189700.00. Forecast headroom on 2024-03-06 is 596405.00 against a request of 45970.00. Decision: affordable_now / full_payment."
request_266,935.0,affordable_now,full_payment,2025-08-03:935.00,2025-08-03,none,"Balance 2354.92 EUR, min balance 900.00. Forecast headroom on 2025-08-03 is 1454.92 against a request of 935.00. Decision: affordable_now / full_payment."
request_267,1925.0,affordable_now,full_payment,2026-01-05:1925.00,2026-01-05,none,"Balance 3648.98 EUR, min balance 1500.00. Forecast headroom on 2026-01-05 is 2148.98 against a request of 1925.00. Decision: affordable_now / full_payment."
request_268,1512.52,not_affordable,not_recommended,none,,none,"Balance 2912.52 EUR, min balance 1400.00. Forecast headroom on 2024-06-07 is 1512.52 against a request of 2426.60. Decision: not_affordable / not_recommended."
request_269,15490.0,affordable_now,full_payment,2025-11-04:15490.00,2025-11-04,none,"Balance 45307.90 ZAR, min balance 23100.00. Forecast headroom on 2025-11-04 is 22207.90 against a request of 15490.00. Decision: affordable_now / full_payment."
request_270,535.4,not_affordable,not_recommended,none,,none,"Balance 1935.40 USD, min balance 1400.00. Forecast headroom on 2026-07-06 is 535.40 against a request of 3028.80. Decision: not_affordable / not_recommended."
request_271,84760.0,not_affordable,not_recommended,none,,none,"Balance 142960.00 INR, min balance 58200.00. Forecast headroom on 2024-09-03 is 84760.00 against a request of 91300.00. Decision: not_affordable / not_recommended."
request_272,8815924.0,not_affordable,not_recommended,none,,none,"Balance 16324524.00 IDR, min balance 7508600.00. Forecast headroom on 2025-02-05 is 8815924.00 against a request of 13585000.00. Decision: not_affordable / not_recommended."
request_273,13372200.0,not_affordable,not_recommended,none,,none,"Balance 32146800.00 IDR, min balance 18774600.00. Forecast headroom on 2026-04-07 is 13372200.00 against a request of 15861000.00. Decision: not_affordable / not_recommended."
request_274,2713.7,affordable_now,full_payment,2024-12-04:2713.70,2024-12-04,none,"Balance 4847.31 EUR, min balance 1800.00. Forecast headroom on 2024-12-04 is 3047.31 against a request of 2713.70. Decision: affordable_now / full_payment."
request_275,15884000.0,affordable_now,full_payment,2025-05-06:15884000.00,2025-05-06,none,"Balance 37206450.00 IDR, min balance 12760100.00. Forecast headroom on 2025-05-06 is 24446350.00 against a request of 15884000.00. Decision: affordable_now / full_payment."
